world_joint/x,world_joint/y,world_joint/theta,torso_joint1,limb_right_joint1,limb_right_joint2,limb_right_joint3,limb_right_joint4,limb_right_joint5,limb_right_joint6,limb_right_joint7,hinge
0.000000,0.000000,0.000000,0.364414,2.408345,-0.117213,3.158952,0.841772,0.212392,1.840132,-0.571462,1.000000
0.000000,0.000000,0.000000,0.363002,2.404738,-0.121860,3.153468,0.837930,0.215264,1.842004,-0.579125,1.000000
0.000000,0.000000,0.000000,0.361647,2.401030,-0.126542,3.147879,0.833955,0.218276,1.843967,-0.586894,1.000000
0.000000,0.000000,0.000000,0.361217,2.399797,-0.128072,3.146039,0.832637,0.219286,1.844624,-0.589449,1.000000
0.000000,0.000000,0.000000,0.360798,2.398554,-0.129602,3.144189,0.831301,0.220316,1.845293,-0.592010,1.000000
0.000000,0.000000,0.000000,0.359988,2.396052,-0.132650,3.140479,0.828603,0.222410,1.846655,-0.597128,1.000000
0.000000,0.000000,0.000000,0.359201,2.393534,-0.135688,3.136761,0.825883,0.224536,1.848035,-0.602246,1.000000
0.000000,0.000000,0.000000,0.358460,2.390988,-0.138711,3.133021,0.823109,0.226727,1.849458,-0.607360,1.000000
0.000000,0.000000,0.000000,0.357093,2.385815,-0.144743,3.125453,0.817403,0.231294,1.852426,-0.617607,1.000000
0.000000,0.000000,0.000000,0.356442,2.383185,-0.147746,3.121652,0.814525,0.233632,1.853936,-0.622753,1.000000
0.000000,0.000000,0.000000,0.355844,2.380531,-0.150725,3.117833,0.811595,0.236040,1.855491,-0.627881,1.000000
0.000000,0.000000,0.000000,0.355283,2.377851,-0.153691,3.113996,0.808629,0.238503,1.857078,-0.633007,1.000000
0.000000,0.000000,0.000000,0.354757,2.375131,-0.156659,3.110121,0.805611,0.241035,1.858705,-0.638159,1.000000
0.000000,0.000000,0.000000,0.354039,2.371004,-0.161077,3.104282,0.801023,0.244937,1.861206,-0.645875,1.000000
0.000000,0.000000,0.000000,0.353214,2.365405,-0.166927,3.096421,0.794775,0.250347,1.864658,-0.656163,1.000000
0.000000,0.000000,0.000000,0.353039,2.363933,-0.168426,3.094369,0.793122,0.251806,1.865585,-0.658818,1.000000
0.000000,0.000000,0.000000,0.352691,2.361076,-0.171330,3.090397,0.789937,0.254620,1.867370,-0.663973,1.000000
0.000000,0.000000,0.000000,0.352550,2.359624,-0.172777,3.088386,0.788303,0.256086,1.868297,-0.666551,1.000000
0.000000,0.000000,0.000000,0.352261,2.356725,-0.175658,3.084385,0.785067,0.258993,1.870132,-0.671700,1.000000
0.000000,0.000000,0.000000,0.351754,2.349295,-0.182833,3.074196,0.776714,0.266665,1.874949,-0.684609,1.000000
0.000000,0.000000,0.000000,0.351444,2.338549,-0.192770,3.059639,0.764639,0.278128,1.882070,-0.702717,1.000000
0.000000,0.000000,0.000000,0.351470,2.333802,-0.196982,3.053284,0.759325,0.283333,1.885268,-0.710492,1.000000
0.000000,0.000000,0.000000,0.351593,2.328972,-0.201162,3.046857,0.753930,0.288719,1.888555,-0.718270,1.000000
0.000000,0.000000,0.000000,0.351732,2.325700,-0.203928,3.042531,0.750293,0.292415,1.890796,-0.723459,1.000000
0.000000,0.000000,0.000000,0.351814,2.324053,-0.205301,3.040363,0.748473,0.294284,1.891924,-0.726053,1.000000
0.000000,0.000000,0.000000,0.352025,2.320665,-0.208085,3.035916,0.744729,0.298171,1.894261,-0.731329,1.000000
0.000000,0.000000,0.000000,0.352283,2.317286,-0.210818,3.031493,0.740994,0.302100,1.896613,-0.736526,1.000000
0.000000,0.000000,0.000000,0.352582,2.313858,-0.213543,3.027025,0.737222,0.306120,1.899008,-0.741739,1.000000
0.000000,0.000000,0.000000,0.352929,2.310392,-0.216249,3.022523,0.733420,0.310230,1.901442,-0.746948,1.000000
0.000000,0.000000,0.000000,0.353538,2.305095,-0.220300,3.015670,0.727626,0.316594,1.905190,-0.754788,1.000000
0.000000,0.000000,0.000000,0.354519,2.297869,-0.225659,3.006375,0.719768,0.325439,1.910350,-0.765251,1.000000
0.000000,0.000000,0.000000,0.355703,2.290461,-0.230940,2.996917,0.711796,0.334694,1.915682,-0.775703,1.000000
0.000000,0.000000,0.000000,0.357103,2.282822,-0.236163,2.987234,0.703677,0.344427,1.921219,-0.786195,1.000000
0.000000,0.000000,0.000000,0.358304,2.276933,-0.240012,2.979824,0.697534,0.352050,1.925493,-0.794100,1.000000
0.000000,0.000000,0.000000,0.359639,2.270915,-0.243826,2.972283,0.691305,0.359972,1.929893,-0.801996,1.000000
0.000000,0.000000,0.000000,0.360617,2.266765,-0.246371,2.967106,0.687070,0.365495,1.932929,-0.807351,1.000000
0.000000,0.000000,0.000000,0.362724,2.258383,-0.251363,2.956683,0.678587,0.376822,1.939096,-0.817938,1.000000
0.000000,0.000000,0.000000,0.365716,2.247521,-0.257487,2.943253,0.667823,0.391823,1.947124,-0.831212,1.000000
0.000000,0.000000,0.000000,0.368426,2.238496,-0.262245,2.932162,0.659149,0.404550,1.953795,-0.841878,1.000000
0.000000,0.000000,0.000000,0.369896,2.233862,-0.264556,2.926488,0.654818,0.411173,1.957210,-0.847235,1.000000
0.000000,0.000000,0.000000,0.370652,2.231527,-0.265690,2.923632,0.652667,0.414526,1.958927,-0.849918,1.000000
0.000000,0.000000,0.000000,0.371441,2.229145,-0.266825,2.920721,0.650491,0.417971,1.960680,-0.852623,1.000000
0.000000,0.000000,0.000000,0.370641,2.231536,-0.265702,2.923642,0.652658,0.414505,1.958923,-0.849917,1.000000
0.000000,0.000000,0.000000,0.371421,2.229182,-0.266824,2.920765,0.650507,0.417910,1.960655,-0.852590,1.000000
0.000000,0.000000,0.000000,0.373056,2.224363,-0.269073,2.914883,0.646140,0.424937,1.964208,-0.857987,1.000000
0.000000,0.000000,0.000000,0.379375,2.206860,-0.276689,2.893564,0.630804,0.450986,1.977109,-0.876953,1.000000
0.000000,0.000000,0.000000,0.383466,2.196346,-0.280801,2.880774,0.622079,0.467040,1.984828,-0.887880,1.000000
0.000000,0.000000,0.000000,0.384547,2.193665,-0.281771,2.877504,0.619951,0.471173,1.986780,-0.890640,1.000000
0.000000,0.000000,0.000000,0.386805,2.188190,-0.283691,2.870831,0.615668,0.479703,1.990771,-0.896167,1.000000
0.000000,0.000000,0.000000,0.390357,2.179814,-0.286477,2.860604,0.609296,0.492897,1.996864,-0.904486,1.000000
0.000000,0.000000,0.000000,0.394153,2.171185,-0.289119,2.850034,0.603020,0.506688,2.003113,-0.912883,1.000000
0.000000,0.000000,0.000000,0.396831,2.165293,-0.290770,2.842778,0.598936,0.516226,2.007357,-0.918538,1.000000
0.000000,0.000000,0.000000,0.398199,2.162334,-0.291551,2.839116,0.596951,0.521047,2.009479,-0.921375,1.000000
0.000000,0.000000,0.000000,0.401065,2.156261,-0.293083,2.831590,0.592973,0.531040,2.013833,-0.927088,1.000000
0.000000,0.000000,0.000000,0.404042,2.150091,-0.294528,2.823898,0.589090,0.541294,2.018241,-0.932847,1.000000
0.000000,0.000000,0.000000,0.405568,2.146990,-0.295197,2.820006,0.587220,0.546491,2.020447,-0.935728,1.000000
0.000000,0.000000,0.000000,0.410354,2.137450,-0.297150,2.807996,0.581631,0.562638,2.027232,-0.944462,1.000000
0.000000,0.000000,0.000000,0.413749,2.130898,-0.298305,2.799643,0.578073,0.573894,2.031866,-0.950423,1.000000
0.000000,0.000000,0.000000,0.419052,2.120938,-0.299853,2.786822,0.572999,0.591243,2.038892,-0.959383,1.000000
0.000000,0.000000,0.000000,0.422787,2.114157,-0.300705,2.777939,0.569866,0.603253,2.043655,-0.965479,1.000000
0.000000,0.000000,0.000000,0.430666,2.100289,-0.302144,2.759528,0.564008,0.628231,2.053386,-0.977801,1.000000
0.000000,0.000000,0.000000,0.434853,2.093250,-0.302581,2.749883,0.561526,0.641214,2.058310,-0.984133,1.000000
0.000000,0.000000,0.000000,0.437021,2.089693,-0.302725,2.744915,0.560404,0.647865,2.060799,-0.987364,1.000000
0.000000,0.000000,0.000000,0.450806,2.067998,-0.302994,2.713756,0.554809,0.689418,2.076051,-1.007101,1.000000
0.000000,0.000000,0.000000,0.460865,2.053403,-0.302254,2.691231,0.552824,0.718770,2.086469,-1.020939,1.000000
0.000000,0.000000,0.000000,0.463490,2.049772,-0.301937,2.685350,0.552590,0.726300,2.089100,-1.024501,1.000000
0.000000,0.000000,0.000000,0.468867,2.042489,-0.301219,2.673334,0.552335,0.741606,2.094426,-1.031709,1.000000
0.000000,0.000000,0.000000,0.474413,2.035255,-0.300326,2.660931,0.552479,0.757191,2.099805,-1.039064,1.000000
0.000000,0.000000,0.000000,0.486056,2.020768,-0.298197,2.634972,0.553720,0.789367,2.110853,-1.054191,1.000000
0.000000,0.000000,0.000000,0.504813,2.000066,-0.293644,2.592586,0.559111,0.839400,2.127923,-1.078249,1.000000
0.000000,0.000000,0.000000,0.511379,1.993653,-0.291759,2.577428,0.561941,0.856415,2.133751,-1.086657,1.000000
0.000000,0.000000,0.000000,0.521554,1.984367,-0.288743,2.553764,0.566956,0.882348,2.142726,-1.099598,1.000000
0.000000,0.000000,0.000000,0.528515,1.978634,-0.286538,2.537237,0.570959,0.899777,2.148836,-1.108479,1.000000
0.000000,0.000000,0.000000,0.532069,1.975923,-0.285368,2.528659,0.573185,0.908581,2.151953,-1.113029,1.000000
0.000000,0.000000,0.000000,0.535640,1.973319,-0.284180,2.519974,0.575514,0.917368,2.155089,-1.117602,1.000000
0.000000,0.000000,0.000000,0.539580,1.970414,-0.280028,2.510523,0.577893,0.926839,2.161173,-1.121232,1.000000
0.000000,0.000000,0.000000,0.531809,1.975829,-0.288474,2.529597,0.572997,0.908100,2.149069,-1.114005,1.000000
0.000000,0.000000,0.000000,0.512969,1.990383,-0.309510,2.574171,0.562419,0.862229,2.119643,-1.096879,1.000000
0.000000,0.000000,0.000000,0.487676,2.014232,-0.337968,2.628274,0.552514,0.800363,2.080088,-1.075059,1.000000
0.000000,0.000000,0.000000,0.473873,2.030030,-0.352763,2.653656,0.550311,0.767041,2.058420,-1.064071,1.000000
0.000000,0.000000,0.000000,0.460601,2.046295,-0.366842,2.676167,0.549946,0.735428,2.037287,-1.053924,1.000000
0.000000,0.000000,0.000000,0.441620,2.070625,-0.387152,2.705917,0.551902,0.691137,2.006359,-1.039888,1.000000
0.000000,0.000000,0.000000,0.424055,2.094355,-0.405864,2.730421,0.556727,0.651523,1.976840,-1.027501,1.000000
0.000000,0.000000,0.000000,0.418434,2.102276,-0.411721,2.737474,0.559009,0.639185,1.967175,-1.023785,1.000000
0.000000,0.000000,0.000000,0.412956,2.110045,-0.417460,2.744117,0.561480,0.627322,1.957646,-1.020201,1.000000
0.000000,0.000000,0.000000,0.407638,2.117603,-0.423087,2.750381,0.564209,0.616055,1.948268,-1.016529,1.000000
0.000000,0.000000,0.000000,0.397167,2.132471,-0.434359,2.762241,0.569917,0.594209,1.929518,-1.009644,1.000000
0.000000,0.000000,0.000000,0.389717,2.143139,-0.442448,2.770140,0.574450,0.579022,1.915918,-1.004978,1.000000
0.000000,0.000000,0.000000,0.387278,2.146654,-0.445092,2.772626,0.576054,0.574141,1.911421,-1.003422,1.000000
0.000000,0.000000,0.000000,0.382541,2.153413,-0.450341,2.777370,0.579336,0.564883,1.902571,-1.000257,1.000000
0.000000,0.000000,0.000000,0.377876,2.160099,-0.455538,2.781890,0.582618,0.555795,1.893788,-0.997361,1.000000
0.000000,0.000000,0.000000,0.375570,2.163411,-0.458109,2.784070,0.584304,0.551361,1.889420,-0.995912,1.000000
0.000000,0.000000,0.000000,0.371068,2.169837,-0.463227,2.788235,0.587657,0.542807,1.880797,-0.993152,1.000000
0.000000,0.000000,0.000000,0.366658,2.176091,-0.468299,2.792216,0.591119,0.534652,1.872259,-0.990272,1.000000
0.000000,0.000000,0.000000,0.362332,2.182236,-0.473329,2.795998,0.594554,0.526689,1.863808,-0.987632,1.000000
0.000000,0.000000,0.000000,0.360190,2.185279,-0.475826,2.797827,0.596302,0.522799,1.859602,-0.986308,1.000000
0.000000,0.000000,0.000000,0.357957,2.188441,-0.478461,2.799703,0.598150,0.518782,1.855183,-0.984942,1.000000
0.000000,0.000000,0.000000,0.351779,2.197136,-0.485876,2.804752,0.603372,0.507849,1.842824,-0.981211,1.000000
0.000000,0.000000,0.000000,0.347761,2.202732,-0.490786,2.807945,0.606918,0.500969,1.834680,-0.978622,1.000000
0.000000,0.000000,0.000000,0.343816,2.208231,-0.495666,2.810982,0.610414,0.494234,1.826618,-0.976259,1.000000
0.000000,0.000000,0.000000,0.339945,2.213601,-0.500524,2.813884,0.613911,0.487734,1.818629,-0.973950,1.000000
0.000000,0.000000,0.000000,0.336154,2.218833,-0.505350,2.816649,0.617397,0.481475,1.810732,-0.971698,1.000000
0.000000,0.000000,0.000000,0.332433,2.223942,-0.510158,2.819293,0.620877,0.475433,1.802903,-0.969495,1.000000
0.000000,0.000000,0.000000,0.325103,2.233856,-0.519878,2.824359,0.627934,0.463936,1.787240,-0.964946,1.000000
0.000000,0.000000,0.000000,0.314755,2.247749,-0.534088,2.831008,0.638145,0.448186,1.764620,-0.958960,1.000000
0.000000,0.000000,0.000000,0.309791,2.254287,-0.541151,2.834034,0.643237,0.441030,1.753520,-0.955910,1.000000
0.000000,0.000000,0.000000,0.303376,2.262701,-0.550517,2.837772,0.649845,0.431881,1.738949,-0.952285,1.000000
0.000000,0.000000,0.000000,0.298626,2.268838,-0.557649,2.840426,0.654881,0.425414,1.727963,-0.949438,1.000000
0.000000,0.000000,0.000000,0.292606,2.276577,-0.566929,2.843644,0.661293,0.417325,1.713809,-0.946090,1.000000
0.000000,0.000000,0.000000,0.289672,2.280317,-0.571553,2.845146,0.664466,0.413501,1.706812,-0.944449,1.000000
0.000000,0.000000,0.000000,0.286790,2.283971,-0.576168,2.846587,0.667608,0.409807,1.699868,-0.942844,1.000000
0.000000,0.000000,0.000000,0.283951,2.287552,-0.580774,2.847971,0.670729,0.406236,1.692970,-0.941258,1.000000
0.000000,0.000000,0.000000,0.278446,2.294399,-0.589961,2.850577,0.676887,0.399573,1.679345,-0.938077,1.000000
0.000000,0.000000,0.000000,0.277088,2.296086,-0.592256,2.851198,0.678407,0.397943,1.675958,-0.937327,1.000000
0.000000,0.000000,0.000000,0.274353,2.299466,-0.596968,2.852427,0.681488,0.394702,1.669045,-0.935849,1.000000
0.000000,0.000000,0.000000,0.273032,2.301095,-0.599257,2.853011,0.682982,0.393156,1.665694,-0.935126,1.000000
0.000000,0.000000,0.000000,0.270446,2.304266,-0.603821,2.854133,0.685924,0.390173,1.659052,-0.933740,1.000000
0.000000,0.000000,0.000000,0.267893,2.307383,-0.608378,2.855215,0.688845,0.387280,1.652446,-0.932363,1.000000
0.000000,0.000000,0.000000,0.262941,2.313379,-0.617466,2.857247,0.694565,0.381811,1.639384,-0.929746,1.000000
0.000000,0.000000,0.000000,0.261723,2.314846,-0.619732,2.857732,0.695981,0.380496,1.636141,-0.929099,1.000000
0.000000,0.000000,0.000000,0.260520,2.316292,-0.622002,2.858206,0.697387,0.379210,1.632906,-0.928466,1.000000
0.000000,0.000000,0.000000,0.259329,2.317717,-0.624265,2.858669,0.698781,0.377951,1.629690,-0.927843,1.000000
0.000000,0.000000,0.000000,0.258148,2.319129,-0.626529,2.859124,0.700169,0.376712,1.626478,-0.927226,1.000000
0.000000,0.000000,0.000000,0.256148,2.322282,-0.626585,2.860446,0.702032,0.373425,1.624884,-0.924348,1.000000
0.000000,0.000000,0.000000,0.258143,2.319130,-0.626532,2.859127,0.700165,0.376701,1.626476,-0.927229,1.000000
0.000000,0.000000,0.000000,0.260146,2.315978,-0.626477,2.857807,0.698304,0.379992,1.628071,-0.930099,1.000000
0.000000,0.000000,0.000000,0.264246,2.309568,-0.626362,2.855121,0.694534,0.386732,1.631329,-0.935887,1.000000
0.000000,0.000000,0.000000,0.266303,2.306366,-0.626300,2.853771,0.692659,0.390116,1.632960,-0.938774,1.000000
0.000000,0.000000,0.000000,0.268416,2.303094,-0.626235,2.852391,0.690752,0.393593,1.634631,-0.941701,1.000000
0.000000,0.000000,0.000000,0.270512,2.299862,-0.626168,2.851026,0.688875,0.397045,1.636286,-0.944581,1.000000
0.000000,0.000000,0.000000,0.272640,2.296593,-0.626099,2.849642,0.686984,0.400551,1.637962,-0.947481,1.000000
0.000000,0.000000,0.000000,0.274869,2.293183,-0.626025,2.848197,0.685018,0.404225,1.639715,-0.950493,1.000000
0.000000,0.000000,0.000000,0.281484,2.283139,-0.625802,2.843943,0.679271,0.415135,1.644900,-0.959260,1.000000
0.000000,0.000000,0.000000,0.283725,2.279760,-0.625719,2.842498,0.677355,0.418836,1.646649,-0.962199,1.000000
0.000000,0.000000,0.000000,0.285981,2.276375,-0.625633,2.841050,0.675447,0.422565,1.648406,-0.965120,1.000000
0.000000,0.000000,0.000000,0.290614,2.269465,-0.625455,2.838094,0.671578,0.430227,1.652004,-0.971027,1.000000
0.000000,0.000000,0.000000,0.295318,2.262496,-0.625266,2.835099,0.667716,0.438018,1.655643,-0.976938,1.000000
0.000000,0.000000,0.000000,0.302566,2.251853,-0.624962,2.830511,0.661891,0.450039,1.661224,-0.985848,1.000000
0.000000,0.000000,0.000000,0.307499,2.244678,-0.624739,2.827395,0.658028,0.458239,1.665002,-0.991787,1.000000
0.000000,0.000000,0.000000,0.310019,2.241030,-0.624617,2.825799,0.656083,0.462433,1.666925,-0.994797,1.000000
0.000000,0.000000,0.000000,0.315133,2.233678,-0.624372,2.822586,0.652208,0.470952,1.670814,-1.000783,1.000000
0.000000,0.000000,0.000000,0.317743,2.229945,-0.624239,2.820943,0.650263,0.475307,1.672792,-1.003807,1.000000
0.000000,0.000000,0.000000,0.320363,2.226212,-0.624102,2.819295,0.648332,0.479682,1.674773,-1.006817,1.000000
0.000000,0.000000,0.000000,0.323012,2.222450,-0.623961,2.817631,0.646402,0.484110,1.676771,-1.009834,1.000000
0.000000,0.000000,0.000000,0.325785,2.218527,-0.623811,2.815890,0.644406,0.488749,1.678858,-1.012965,1.000000
0.000000,0.000000,0.000000,0.325717,2.218624,-0.623815,2.815933,0.644455,0.488633,1.678806,-1.012887,1.000000
0.000000,0.000000,0.000000,0.328504,2.214694,-0.623660,2.814185,0.642473,0.493300,1.680899,-1.016008,1.000000
0.000000,0.000000,0.000000,0.331243,2.210846,-0.623505,2.812468,0.640548,0.497891,1.682951,-1.019047,1.000000
0.000000,0.000000,0.000000,0.334041,2.206931,-0.623343,2.810715,0.638608,0.502583,1.685041,-1.022124,1.000000
0.000000,0.000000,0.000000,0.339686,2.199067,-0.623014,2.807187,0.634756,0.512062,1.689247,-1.028252,1.000000
0.000000,0.000000,0.000000,0.345453,2.191088,-0.622663,2.803585,0.630925,0.521766,1.693523,-1.034405,1.000000
0.000000,0.000000,0.000000,0.351393,2.182929,-0.622287,2.799876,0.627089,0.531780,1.697904,-1.040634,1.000000
0.000000,0.000000,0.000000,0.357445,2.174675,-0.621888,2.796096,0.623297,0.542004,1.702345,-1.046872,1.000000
0.000000,0.000000,0.000000,0.360511,2.170519,-0.621675,2.794174,0.621428,0.547194,1.704585,-1.049994,1.000000
0.000000,0.000000,0.000000,0.363665,2.166259,-0.621452,2.792197,0.619536,0.552538,1.706883,-1.053179,1.000000
0.000000,0.000000,0.000000,0.366837,2.161992,-0.621223,2.790207,0.617667,0.557918,1.709187,-1.056353,1.000000
0.000000,0.000000,0.000000,0.368409,2.159794,-0.618946,2.789381,0.616431,0.560156,1.712618,-1.057182,1.000000
0.000000,0.000000,0.000000,0.366829,2.162003,-0.621226,2.790220,0.617667,0.557895,1.709178,-1.056347,1.000000
0.000000,0.000000,0.000000,0.362179,2.168475,-0.628078,2.792652,0.621354,0.551341,1.698918,-1.053900,1.000000
0.000000,0.000000,0.000000,0.357669,2.174739,-0.634900,2.794930,0.625005,0.545121,1.688784,-1.051546,1.000000
0.000000,0.000000,0.000000,0.353214,2.180908,-0.641831,2.797103,0.628686,0.539122,1.678580,-1.049242,1.000000
0.000000,0.000000,0.000000,0.347602,2.188650,-0.650858,2.799744,0.633423,0.531766,1.665423,-1.046370,1.000000
0.000000,0.000000,0.000000,0.342222,2.196051,-0.659848,2.802165,0.638076,0.524936,1.652467,-1.043652,1.000000
0.000000,0.000000,0.000000,0.337068,2.203121,-0.668795,2.804383,0.642633,0.518606,1.639714,-1.041085,1.000000
0.000000,0.000000,0.000000,0.333339,2.208228,-0.675488,2.805922,0.645994,0.514163,1.630261,-1.039252,1.000000
0.000000,0.000000,0.000000,0.329664,2.213255,-0.682285,2.807392,0.649357,0.509897,1.620740,-1.037466,1.000000
0.000000,0.000000,0.000000,0.326174,2.218025,-0.688937,2.808744,0.652600,0.505952,1.611495,-1.035790,1.000000
0.000000,0.000000,0.000000,0.321697,2.224135,-0.697777,2.810424,0.656830,0.501046,1.599317,-1.033672,1.000000
0.000000,0.000000,0.000000,0.317415,2.229981,-0.706589,2.811969,0.660954,0.496525,1.587298,-1.031682,1.000000
0.000000,0.000000,0.000000,0.312276,2.237002,-0.717682,2.813752,0.666009,0.491332,1.572330,-1.029345,1.000000
0.000000,0.000000,0.000000,0.310323,2.239677,-0.722058,2.814399,0.667961,0.489435,1.566476,-1.028474,1.000000
0.000000,0.000000,0.000000,0.307480,2.243577,-0.728605,2.815324,0.670835,0.486745,1.557768,-1.027224,1.000000
0.000000,0.000000,0.000000,0.306550,2.244856,-0.730782,2.815619,0.671782,0.485882,1.554882,-1.026819,1.000000
0.000000,0.000000,0.000000,0.305633,2.246117,-0.732964,2.815907,0.672721,0.485045,1.552000,-1.026423,1.000000
0.000000,0.000000,0.000000,0.304727,2.247365,-0.735144,2.816189,0.673653,0.484228,1.549127,-1.026034,1.000000
0.000000,0.000000,0.000000,0.303834,2.248596,-0.737319,2.816465,0.674577,0.483432,1.546267,-1.025654,1.000000
0.000000,0.000000,0.000000,0.302065,2.251039,-0.741666,2.817008,0.676413,0.481869,1.540560,-1.024903,1.000000
0.000000,0.000000,0.000000,0.301223,2.252206,-0.743828,2.817261,0.677304,0.481159,1.537743,-1.024555,1.000000
0.000000,0.000000,0.000000,0.300373,2.253384,-0.745996,2.817515,0.678199,0.480439,1.534917,-1.024202,1.000000
0.000000,0.000000,0.000000,0.298692,2.255719,-0.750325,2.818014,0.679978,0.479027,1.529283,-1.023508,1.000000
0.000000,0.000000,0.000000,0.297845,2.256901,-0.752604,2.818261,0.680890,0.478350,1.526338,-1.023168,1.000000
0.000000,0.000000,0.000000,0.297041,2.258024,-0.754761,2.818494,0.681755,0.477705,1.523551,-1.022845,1.000000
0.000000,0.000000,0.000000,0.296244,2.259139,-0.756923,2.818723,0.682616,0.477075,1.520761,-1.022527,1.000000
0.000000,0.000000,0.000000,0.295459,2.260240,-0.759081,2.818948,0.683469,0.476463,1.517985,-1.022216,1.000000
0.000000,0.000000,0.000000,0.294684,2.261329,-0.761236,2.819167,0.684314,0.475868,1.515217,-1.021911,0.980907
0.000000,0.000000,0.000000,0.293921,2.262404,-0.763385,2.819382,0.685151,0.475292,1.512461,-1.021614,0.980907
0.000000,0.000000,0.000000,0.293165,2.263470,-0.765541,2.819594,0.685984,0.474730,1.509703,-1.021323,0.983294
0.000000,0.000000,0.000000,0.292423,2.264521,-0.767688,2.819800,0.686807,0.474187,1.506962,-1.021039,0.983294
0.000000,0.000000,0.000000,0.291689,2.265562,-0.769836,2.820003,0.687624,0.473659,1.504225,-1.020761,0.985680
0.000000,0.000000,0.000000,0.290964,2.266594,-0.771986,2.820201,0.688436,0.473147,1.501490,-1.020489,0.985680
0.000000,0.000000,0.000000,0.290254,2.267608,-0.774123,2.820395,0.689235,0.472654,1.498779,-1.020226,0.988067
0.000000,0.000000,0.000000,0.289550,2.268616,-0.776270,2.820586,0.690033,0.472174,1.496059,-1.019967,0.988067
0.000000,0.000000,0.000000,0.288857,2.269612,-0.778412,2.820773,0.690822,0.471711,1.493351,-1.019715,0.988067
0.000000,0.000000,0.000000,0.286212,2.272891,-0.778738,2.821677,0.692698,0.468148,1.491601,-1.016935,0.990453
0.000000,0.000000,0.000000,0.283610,2.276129,-0.779062,2.822569,0.694557,0.464645,1.489872,-1.014177,0.988067
0.000000,0.000000,0.000000,0.281033,2.279345,-0.779385,2.823453,0.696411,0.461180,1.488160,-1.011428,0.988067
0.000000,0.000000,0.000000,0.278482,2.282538,-0.779705,2.824331,0.698260,0.457752,1.486462,-1.008685,0.985680
0.000000,0.000000,0.000000,0.275943,2.285724,-0.780024,2.825205,0.700111,0.454345,1.484771,-1.005938,0.985680
0.000000,0.000000,0.000000,0.270895,2.292076,-0.780658,2.826946,0.703815,0.447577,1.481410,-1.000438,0.983294
0.000000,0.000000,0.000000,0.268446,2.295184,-0.780977,2.827795,0.705638,0.444300,1.479762,-0.997726,0.980907
0.000000,0.000000,0.000000,0.265993,2.298299,-0.781289,2.828646,0.707474,0.441020,1.478122,-0.994995,0.980907
0.000000,0.000000,0.000000,0.263563,2.301394,-0.781600,2.829491,0.709303,0.437774,1.476496,-0.992272,0.978520
0.000000,0.000000,0.000000,0.261026,2.304634,-0.781925,2.830374,0.711224,0.434389,1.474798,-0.989409,0.976134
0.000000,0.000000,0.000000,0.258637,2.307695,-0.782232,2.831207,0.713044,0.431205,1.473197,-0.986694,0.976134
0.000000,0.000000,0.000000,0.256264,2.310746,-0.782538,2.832037,0.714864,0.428045,1.471605,-0.983977,0.973747
0.000000,0.000000,0.000000,0.257541,2.309029,-0.778218,2.831725,0.713281,0.428715,1.476982,-0.984411,0.973747
0.000000,0.000000,0.000000,0.258218,2.308130,-0.776047,2.831557,0.712460,0.429102,1.479700,-0.984656,0.971360
0.000000,0.000000,0.000000,0.258891,2.307235,-0.773877,2.831390,0.711642,0.429486,1.482416,-0.984895,0.968974
0.000000,0.000000,0.000000,0.259572,2.306331,-0.771706,2.831219,0.710818,0.429884,1.485138,-0.985141,0.968974
0.000000,0.000000,0.000000,0.260264,2.305415,-0.769534,2.831045,0.709986,0.430297,1.487867,-0.985393,0.966587
0.000000,0.000000,0.000000,0.260964,2.304491,-0.767363,2.830868,0.709148,0.430724,1.490599,-0.985651,0.966587
0.000000,0.000000,0.000000,0.261676,2.303552,-0.765182,2.830687,0.708299,0.431167,1.493349,-0.985916,0.964200
0.000000,0.000000,0.000000,0.262393,2.302609,-0.763013,2.830503,0.707449,0.431622,1.496089,-0.986186,0.964200
0.000000,0.000000,0.000000,0.263126,2.301647,-0.760824,2.830313,0.706584,0.432096,1.498858,-0.986465,0.961814
0.000000,0.000000,0.000000,0.263906,2.300625,-0.758525,2.830111,0.705668,0.432610,1.501773,-0.986764,0.961814
0.000000,0.000000,0.000000,0.264655,2.299646,-0.756346,2.829914,0.704793,0.433113,1.504541,-0.987055,0.959427
0.000000,0.000000,0.000000,0.265415,2.298653,-0.754160,2.829714,0.703909,0.433633,1.507323,-0.987352,0.959427
0.000000,0.000000,0.000000,0.266185,2.297650,-0.751973,2.829509,0.703018,0.434168,1.510111,-0.987656,0.957041
0.000000,0.000000,0.000000,0.263799,2.300777,-0.752252,2.830445,0.704840,0.430870,1.508486,-0.984912,0.957041
0.000000,0.000000,0.000000,0.256820,2.309988,-0.753081,2.833214,0.710244,0.421235,1.503723,-0.976729,0.954654
0.000000,0.000000,0.000000,0.252272,2.316038,-0.753621,2.835021,0.713820,0.414973,1.500612,-0.971311,0.952267
0.000000,0.000000,0.000000,0.247785,2.322044,-0.754157,2.836811,0.717389,0.408805,1.497537,-0.965890,0.949881
0.000000,0.000000,0.000000,0.245568,2.325022,-0.754421,2.837694,0.719165,0.405763,1.496016,-0.963195,0.947494
0.000000,0.000000,0.000000,0.243371,2.327988,-0.754684,2.838573,0.720940,0.402750,1.494506,-0.960494,0.945107
0.000000,0.000000,0.000000,0.241182,2.330951,-0.754947,2.839451,0.722717,0.399753,1.493002,-0.957786,0.945107
0.000000,0.000000,0.000000,0.238906,2.334045,-0.755222,2.840366,0.724576,0.396636,1.491435,-0.954950,0.942721
0.000000,0.000000,0.000000,0.236771,2.336955,-0.755479,2.841226,0.726329,0.393717,1.489964,-0.952270,0.942721
0.000000,0.000000,0.000000,0.234653,2.339852,-0.755736,2.842082,0.728078,0.390822,1.488504,-0.949593,0.940334
0.000000,0.000000,0.000000,0.230461,2.345618,-0.756248,2.843786,0.731570,0.385099,1.485609,-0.944230,0.940334
0.000000,0.000000,0.000000,0.231172,2.344769,-0.754058,2.843616,0.730674,0.385499,1.488361,-0.944496,0.937947
0.000000,0.000000,0.000000,0.231895,2.343907,-0.751870,2.843442,0.729769,0.385919,1.491118,-0.944771,0.935561
0.000000,0.000000,0.000000,0.232630,2.343032,-0.749672,2.843263,0.728853,0.386354,1.493892,-0.945053,0.935561
0.000000,0.000000,0.000000,0.234894,2.340340,-0.743072,2.842709,0.726064,0.387746,1.502248,-0.945939,0.933174
0.000000,0.000000,0.000000,0.238032,2.336613,-0.734257,2.841920,0.722250,0.389792,1.513470,-0.947204,0.930788
0.000000,0.000000,0.000000,0.239680,2.334658,-0.729724,2.841494,0.720259,0.390904,1.519266,-0.947878,0.923628
0.000000,0.000000,0.000000,0.242210,2.331655,-0.723075,2.840824,0.717257,0.392719,1.527824,-0.948948,0.921241
0.000000,0.000000,0.000000,0.243912,2.329636,-0.718638,2.840364,0.715240,0.393958,1.533548,-0.949671,0.916468
0.000000,0.000000,0.000000,0.244800,2.328581,-0.716417,2.840119,0.714205,0.394638,1.536433,-0.950058,0.914081
0.000000,0.000000,0.000000,0.245684,2.327531,-0.714194,2.839873,0.713172,0.395312,1.539319,-0.950443,0.914081
0.000000,0.000000,0.000000,0.246574,2.326473,-0.711976,2.839623,0.712134,0.396001,1.542204,-0.950833,0.911695
0.000000,0.000000,0.000000,0.247480,2.325396,-0.709742,2.839367,0.711082,0.396710,1.545115,-0.951232,0.909308
0.000000,0.000000,0.000000,0.248394,2.324310,-0.707513,2.839106,0.710026,0.397434,1.548025,-0.951636,0.909308
0.000000,0.000000,0.000000,0.250233,2.322121,-0.703056,2.838575,0.707903,0.398907,1.553853,-0.952455,0.906921
0.000000,0.000000,0.000000,0.252144,2.319841,-0.698582,2.838010,0.705727,0.400500,1.559742,-0.953323,0.904535
0.000000,0.000000,0.000000,0.249988,2.322908,-0.698792,2.839074,0.707502,0.397328,1.558199,-0.950566,0.902148
0.000000,0.000000,0.000000,0.245732,2.328987,-0.699207,2.841180,0.711030,0.391069,1.555145,-0.945079,0.899761
0.000000,0.000000,0.000000,0.241619,2.334935,-0.699613,2.843247,0.714516,0.385033,1.552189,-0.939611,0.897375
0.000000,0.000000,0.000000,0.237509,2.340885,-0.700013,2.845297,0.718005,0.379008,1.549231,-0.934160,0.897375
0.000000,0.000000,0.000000,0.235515,2.343807,-0.700213,2.846300,0.719723,0.376084,1.547778,-0.931463,0.894988
0.000000,0.000000,0.000000,0.229599,2.352511,-0.700793,2.849304,0.724884,0.367435,1.543510,-0.923314,0.892601
0.000000,0.000000,0.000000,0.227544,2.355551,-0.700993,2.850343,0.726689,0.364436,1.542022,-0.920469,0.890215
0.000000,0.000000,0.000000,0.225611,2.358427,-0.701183,2.851324,0.728399,0.361613,1.540615,-0.917766,0.890215
0.000000,0.000000,0.000000,0.223693,2.361289,-0.701371,2.852299,0.730104,0.358816,1.539220,-0.915067,0.890215
0.000000,0.000000,0.000000,0.221798,2.364128,-0.701558,2.853266,0.731799,0.356053,1.537839,-0.912380,0.887828
0.000000,0.000000,0.000000,0.222693,2.363142,-0.699312,2.853024,0.730700,0.356702,1.540755,-0.912777,0.887828
0.000000,0.000000,0.000000,0.224504,2.361142,-0.694820,2.852530,0.728486,0.358036,1.546601,-0.913585,0.885442
0.000000,0.000000,0.000000,0.225445,2.360097,-0.692567,2.852267,0.727350,0.358760,1.549552,-0.914014,0.883055
0.000000,0.000000,0.000000,0.227312,2.358027,-0.688064,2.851742,0.725090,0.360188,1.555444,-0.914863,0.880668
0.000000,0.000000,0.000000,0.228282,2.356946,-0.685804,2.851462,0.723931,0.360961,1.558420,-0.915312,0.878282
0.000000,0.000000,0.000000,0.229245,2.355873,-0.683549,2.851183,0.722777,0.361727,1.561387,-0.915758,0.875895
0.000000,0.000000,0.000000,0.230219,2.354786,-0.681289,2.850898,0.721613,0.362511,1.564368,-0.916211,0.875895
0.000000,0.000000,0.000000,0.231258,2.353624,-0.678897,2.850591,0.720375,0.363356,1.567527,-0.916697,0.873508
0.000000,0.000000,0.000000,0.231238,2.353655,-0.678899,2.850602,0.720393,0.363326,1.567512,-0.916668,0.871122
0.000000,0.000000,0.000000,0.229326,2.356560,-0.679066,2.851651,0.722101,0.360452,1.566099,-0.913949,0.871122
0.000000,0.000000,0.000000,0.221888,2.367981,-0.679721,2.855793,0.728845,0.349275,1.560583,-0.903119,0.871122
0.000000,0.000000,0.000000,0.216474,2.376409,-0.680193,2.858827,0.733851,0.341157,1.556551,-0.895041,0.868735
0.000000,0.000000,0.000000,0.211189,2.384735,-0.680653,2.861813,0.738815,0.333243,1.552601,-0.886982,0.866348
0.000000,0.000000,0.000000,0.207639,2.390387,-0.680959,2.863829,0.742194,0.327937,1.549941,-0.881470,0.863962
0.000000,0.000000,0.000000,0.204247,2.395831,-0.681251,2.865760,0.745454,0.322871,1.547393,-0.876135,0.863962
0.000000,0.000000,0.000000,0.202569,2.398542,-0.681396,2.866721,0.747080,0.320367,1.546131,-0.873463,0.861575
0.000000,0.000000,0.000000,0.199257,2.403934,-0.681681,2.868632,0.750317,0.315424,1.543632,-0.868118,0.861575
0.000000,0.000000,0.000000,0.200171,2.403007,-0.679430,2.868390,0.749143,0.316063,1.546568,-0.868534,0.859189
0.000000,0.000000,0.000000,0.201097,2.402065,-0.677180,2.868142,0.747959,0.316721,1.549509,-0.868959,0.859189
0.000000,0.000000,0.000000,0.202033,2.401110,-0.674924,2.867888,0.746766,0.317396,1.552462,-0.869391,0.856802
0.000000,0.000000,0.000000,0.202975,2.400147,-0.672670,2.867630,0.745567,0.318083,1.555418,-0.869828,0.854415
0.000000,0.000000,0.000000,0.203930,2.399169,-0.670407,2.867366,0.744357,0.318788,1.558390,-0.870274,0.854415
0.000000,0.000000,0.000000,0.204890,2.398183,-0.668151,2.867098,0.743143,0.319505,1.561359,-0.870724,0.852029
0.000000,0.000000,0.000000,0.206827,2.396191,-0.663626,2.866551,0.740698,0.320964,1.567321,-0.871637,0.852029
0.000000,0.000000,0.000000,0.207830,2.395151,-0.661354,2.866260,0.739446,0.321751,1.570331,-0.872118,0.847255
0.000000,0.000000,0.000000,0.208884,2.394059,-0.658959,2.865953,0.738129,0.322574,1.573505,-0.872622,0.847255
0.000000,0.000000,0.000000,0.209892,2.393011,-0.656685,2.865656,0.736871,0.323372,1.576522,-0.873107,0.844869
0.000000,0.000000,0.000000,0.210908,2.391954,-0.654414,2.865354,0.735607,0.324184,1.579542,-0.873598,0.842482
0.000000,0.000000,0.000000,0.211934,2.390883,-0.652138,2.865045,0.734334,0.325014,1.582574,-0.874097,0.842482
0.000000,0.000000,0.000000,0.212966,2.389803,-0.649867,2.864731,0.733058,0.325857,1.585604,-0.874601,0.840095
0.000000,0.000000,0.000000,0.214010,2.388708,-0.647587,2.864410,0.731769,0.326719,1.588652,-0.875113,0.837709
0.000000,0.000000,0.000000,0.215062,2.387601,-0.645308,2.864083,0.730474,0.327597,1.591705,-0.875631,0.837709
0.000000,0.000000,0.000000,0.216125,2.386481,-0.643024,2.863750,0.729169,0.328494,1.594769,-0.876157,0.835322
0.000000,0.000000,0.000000,0.216101,2.386521,-0.643025,2.863766,0.729193,0.328455,1.594750,-0.876117,0.832936
0.000000,0.000000,0.000000,0.214426,2.389307,-0.643134,2.864850,0.730826,0.325815,1.593450,-0.873413,0.832936
0.000000,0.000000,0.000000,0.212779,2.392065,-0.643241,2.865923,0.732445,0.323217,1.592168,-0.870722,0.832936
0.000000,0.000000,0.000000,0.209529,2.397546,-0.643450,2.868055,0.735668,0.318092,1.589631,-0.865339,0.832936
0.000000,0.000000,0.000000,0.207912,2.400285,-0.643553,2.869115,0.737280,0.315543,1.588368,-0.862646,0.832936
0.000000,0.000000,0.000000,0.208958,2.399209,-0.641269,2.868794,0.735969,0.316397,1.591424,-0.863162,0.830549
0.000000,0.000000,0.000000,0.212172,2.395875,-0.634404,2.867789,0.731977,0.319089,1.600649,-0.864764,0.830549
0.000000,0.000000,0.000000,0.214361,2.393591,-0.629811,2.867085,0.729273,0.320968,1.606849,-0.865866,0.825776
0.000000,0.000000,0.000000,0.215462,2.392439,-0.627517,2.866724,0.727915,0.321925,1.609952,-0.866423,0.823389
0.000000,0.000000,0.000000,0.216580,2.391264,-0.625214,2.866353,0.726542,0.322910,1.613076,-0.866992,0.821002
0.000000,0.000000,0.000000,0.217772,2.390008,-0.622778,2.865954,0.725082,0.323970,1.616387,-0.867601,0.818616
0.000000,0.000000,0.000000,0.218907,2.388807,-0.620476,2.865568,0.723694,0.324991,1.619522,-0.868185,0.818616
0.000000,0.000000,0.000000,0.220054,2.387590,-0.618168,2.865175,0.722296,0.326032,1.622673,-0.868776,0.816229
0.000000,0.000000,0.000000,0.221209,2.386362,-0.615861,2.864774,0.720893,0.327090,1.625826,-0.869373,0.813842
0.000000,0.000000,0.000000,0.223555,2.383851,-0.611237,2.863948,0.718054,0.329275,1.632170,-0.870595,0.813842
0.000000,0.000000,0.000000,0.224735,2.382585,-0.608921,2.863526,0.716627,0.330385,1.635353,-0.871212,0.809069
0.000000,0.000000,0.000000,0.225929,2.381300,-0.606606,2.863093,0.715190,0.331522,1.638543,-0.871839,0.809069
0.000000,0.000000,0.000000,0.227134,2.379997,-0.604284,2.862650,0.713743,0.332681,1.641749,-0.872475,0.806683
0.000000,0.000000,0.000000,0.228348,2.378681,-0.601965,2.862200,0.712289,0.333859,1.644959,-0.873117,0.804296
0.000000,0.000000,0.000000,0.226712,2.381515,-0.602030,2.863419,0.713911,0.331107,1.643635,-0.870396,0.804296
0.000000,0.000000,0.000000,0.225105,2.384317,-0.602093,2.864622,0.715517,0.328404,1.642331,-0.867691,0.801909
0.000000,0.000000,0.000000,0.223505,2.387120,-0.602154,2.865825,0.717127,0.325712,1.641030,-0.864975,0.801909
0.000000,0.000000,0.000000,0.221920,2.389910,-0.602213,2.867019,0.718731,0.323046,1.639739,-0.862263,0.801909
0.000000,0.000000,0.000000,0.223124,2.388627,-0.599884,2.866579,0.717264,0.324189,1.642956,-0.862900,0.801909
0.000000,0.000000,0.000000,0.228074,2.383302,-0.590529,2.864727,0.711273,0.328985,1.655952,-0.865598,0.799523
0.000000,0.000000,0.000000,0.233186,2.377703,-0.581139,2.862732,0.705171,0.334188,1.669111,-0.868313,0.794749
0.000000,0.000000,0.000000,0.234560,2.376194,-0.578648,2.862176,0.703535,0.335606,1.672618,-0.869063,0.787589
0.000000,0.000000,0.000000,0.237205,2.373265,-0.573931,2.861083,0.700400,0.338381,1.679291,-0.870537,0.785203
0.000000,0.000000,0.000000,0.238536,2.371787,-0.571569,2.860525,0.698827,0.339795,1.682638,-0.871271,0.782816
0.000000,0.000000,0.000000,0.239881,2.370285,-0.569207,2.859952,0.697243,0.341240,1.685997,-0.872020,0.780430
0.000000,0.000000,0.000000,0.241239,2.368764,-0.566839,2.859367,0.695648,0.342712,1.689372,-0.872779,0.780430
0.000000,0.000000,0.000000,0.242606,2.367227,-0.564472,2.858771,0.694047,0.344207,1.692754,-0.873546,0.778043
0.000000,0.000000,0.000000,0.243984,2.365672,-0.562103,2.858164,0.692438,0.345727,1.696146,-0.874321,0.775656
0.000000,0.000000,0.000000,0.245375,2.364095,-0.559727,2.857543,0.690817,0.347277,1.699556,-0.875106,0.775656
0.000000,0.000000,0.000000,0.246775,2.362504,-0.557352,2.856911,0.689190,0.348850,1.702972,-0.875898,0.773270
0.000000,0.000000,0.000000,0.248182,2.360901,-0.554974,2.856270,0.687559,0.350442,1.706398,-0.876692,0.770883
0.000000,0.000000,0.000000,0.249607,2.359269,-0.552590,2.855611,0.685913,0.352073,1.709843,-0.877504,0.770883
0.000000,0.000000,0.000000,0.252496,2.355937,-0.547817,2.854252,0.682588,0.355419,1.716771,-0.879171,0.768496
0.000000,0.000000,0.000000,0.253947,2.354259,-0.545432,2.853558,0.680926,0.357121,1.720240,-0.879999,0.766110
0.000000,0.000000,0.000000,0.255419,2.352547,-0.543036,2.852844,0.679245,0.358866,1.723737,-0.880848,0.763723
0.000000,0.000000,0.000000,0.256900,2.350818,-0.540642,2.852116,0.677559,0.360639,1.727240,-0.881705,0.761337
0.000000,0.000000,0.000000,0.258395,2.349066,-0.538242,2.851373,0.675862,0.362444,1.730761,-0.882572,0.761337
0.000000,0.000000,0.000000,0.259900,2.347296,-0.535843,2.850615,0.674160,0.364277,1.734288,-0.883447,0.758950
0.000000,0.000000,0.000000,0.260000,2.347174,-0.535693,2.850562,0.674048,0.364404,1.734514,-0.883511,0.756563
0.000000,0.000000,0.000000,0.263053,2.343561,-0.530880,2.849000,0.670609,0.368166,1.741620,-0.885304,0.756563
0.000000,0.000000,0.000000,0.266156,2.339838,-0.526059,2.847378,0.667162,0.372119,1.748779,-0.887040,0.754177
0.000000,0.000000,0.000000,0.269306,2.336052,-0.521226,2.845684,0.663661,0.376143,1.755988,-0.888911,0.749403
0.000000,0.000000,0.000000,0.270893,2.334137,-0.518806,2.844815,0.661909,0.378198,1.759606,-0.889845,0.747017
0.000000,0.000000,0.000000,0.272503,2.332183,-0.516376,2.843919,0.660137,0.380306,1.763253,-0.890803,0.744630
0.000000,0.000000,0.000000,0.275767,2.328193,-0.511511,2.842071,0.656563,0.384632,1.770593,-0.892770,0.744630
0.000000,0.000000,0.000000,0.277407,2.326184,-0.509077,2.841126,0.654779,0.386833,1.774269,-0.893746,0.739857
0.000000,0.000000,0.000000,0.280752,2.322026,-0.504195,2.839163,0.651186,0.391445,1.781695,-0.895684,0.739857
0.000000,0.000000,0.000000,0.282436,2.319938,-0.501746,2.838154,0.649378,0.393767,1.785423,-0.896693,0.735084
0.000000,0.000000,0.000000,0.285866,2.315645,-0.496835,2.836057,0.645713,0.398565,1.792950,-0.898793,0.732697
0.000000,0.000000,0.000000,0.287694,2.313352,-0.494228,2.834918,0.643777,0.401155,1.796949,-0.899898,0.730310
0.000000,0.000000,0.000000,0.289445,2.311143,-0.491759,2.833810,0.641933,0.403665,1.800753,-0.900966,0.727924
0.000000,0.000000,0.000000,0.291209,2.308907,-0.489287,2.832678,0.640084,0.406216,1.804572,-0.902045,0.727924
0.000000,0.000000,0.000000,0.294781,2.304355,-0.484330,2.830340,0.636368,0.411454,1.812258,-0.904238,0.725537
0.000000,0.000000,0.000000,0.296597,2.302004,-0.481849,2.829127,0.634520,0.414209,1.816130,-0.905282,0.723150
0.000000,0.000000,0.000000,0.298416,2.299669,-0.479356,2.827900,0.632654,0.416932,1.820013,-0.906397,0.720764
0.000000,0.000000,0.000000,0.300254,2.297295,-0.476863,2.826639,0.630779,0.419713,1.823912,-0.907534,0.718377
0.000000,0.000000,0.000000,0.302113,2.294885,-0.474358,2.825347,0.628894,0.422553,1.827840,-0.908688,0.718377
0.000000,0.000000,0.000000,0.303983,2.292451,-0.471854,2.824029,0.627009,0.425435,1.831776,-0.909851,0.715990
0.000000,0.000000,0.000000,0.307794,2.287457,-0.466818,2.821293,0.623197,0.431379,1.839738,-0.912254,0.713604
0.000000,0.000000,0.000000,0.309714,2.284913,-0.464300,2.819886,0.621325,0.434471,1.843726,-0.913376,0.711217
0.000000,0.000000,0.000000,0.311644,2.282370,-0.461771,2.818453,0.619433,0.437550,1.847729,-0.914578,0.708831
0.000000,0.000000,0.000000,0.313604,2.279773,-0.459230,2.816974,0.617526,0.440711,1.851770,-0.915811,0.708831
0.000000,0.000000,0.000000,0.315553,2.277179,-0.456719,2.815482,0.615647,0.443890,1.855772,-0.917030,0.706444
0.000000,0.000000,0.000000,0.317523,2.274548,-0.454197,2.813953,0.613763,0.447133,1.859801,-0.918265,0.704057
0.000000,0.000000,0.000000,0.319504,2.271893,-0.451675,2.812393,0.611883,0.450423,1.863835,-0.919510,0.704057
0.000000,0.000000,0.000000,0.323528,2.266467,-0.446610,2.809172,0.608109,0.457190,1.871977,-0.922043,0.701671
0.000000,0.000000,0.000000,0.325571,2.263701,-0.444055,2.807494,0.606222,0.460677,1.876088,-0.923336,0.699284
0.000000,0.000000,0.000000,0.327629,2.260907,-0.441499,2.805780,0.604340,0.464220,1.880210,-0.924640,0.696897
0.000000,0.000000,0.000000,0.329702,2.258085,-0.438939,2.804029,0.602465,0.467820,1.884343,-0.925957,0.694511
0.000000,0.000000,0.000000,0.329823,2.257921,-0.438790,2.803926,0.602356,0.468032,1.884583,-0.926034,0.694511
0.000000,0.000000,0.000000,0.334047,2.252132,-0.433628,2.800292,0.598585,0.475468,1.892953,-0.928723,0.694511
0.000000,0.000000,0.000000,0.336185,2.249194,-0.431032,2.798404,0.596714,0.479286,1.897162,-0.930091,0.689737
0.000000,0.000000,0.000000,0.338334,2.246233,-0.428438,2.796478,0.594857,0.483157,1.901374,-0.931469,0.689737
0.000000,0.000000,0.000000,0.340521,2.243211,-0.425812,2.794489,0.592990,0.487133,1.905643,-0.932875,0.687351
0.000000,0.000000,0.000000,0.342718,2.240169,-0.423189,2.792461,0.591140,0.491162,1.909910,-0.934291,0.684964
0.000000,0.000000,0.000000,0.344728,2.236554,-0.423149,2.789756,0.589699,0.495878,1.911769,-0.937324,0.684964
0.000000,0.000000,0.000000,0.346767,2.232918,-0.423095,2.787024,0.588279,0.500655,1.913642,-0.940353,0.684964
0.000000,0.000000,0.000000,0.348847,2.229234,-0.423028,2.784241,0.586866,0.505524,1.915541,-0.943413,0.682578
0.000000,0.000000,0.000000,0.350948,2.225538,-0.422948,2.781435,0.585475,0.510434,1.917448,-0.946473,0.682578
0.000000,0.000000,0.000000,0.353088,2.221803,-0.422853,2.778586,0.584101,0.515432,1.919378,-0.949544,0.682578
0.000000,0.000000,0.000000,0.355244,2.218060,-0.422744,2.775713,0.582749,0.520462,1.921312,-0.952625,0.682578
0.000000,0.000000,0.000000,0.359759,2.210290,-0.422490,2.769718,0.580011,0.530981,1.925334,-0.958977,0.682578
0.000000,0.000000,0.000000,0.362003,2.206475,-0.422334,2.766736,0.578724,0.536199,1.927311,-0.962092,0.680191
0.000000,0.000000,0.000000,0.364277,2.202635,-0.422163,2.763716,0.577462,0.541482,1.929303,-0.965219,0.680191
0.000000,0.000000,0.000000,0.366694,2.199261,-0.419386,2.761294,0.575851,0.546141,1.933715,-0.966788,0.680191
0.000000,0.000000,0.000000,0.371621,2.192357,-0.413781,2.756264,0.572658,0.555752,1.942643,-0.969995,0.677804
0.000000,0.000000,0.000000,0.376634,2.185323,-0.408128,2.750980,0.569565,0.565693,1.951636,-0.973281,0.675418
0.000000,0.000000,0.000000,0.381771,2.178110,-0.402379,2.745389,0.566566,0.576048,1.960760,-0.976673,0.673031
0.000000,0.000000,0.000000,0.384388,2.174447,-0.399456,2.742454,0.565122,0.581389,1.965372,-0.978417,0.668258
0.000000,0.000000,0.000000,0.384540,2.174234,-0.399286,2.742280,0.565040,0.581702,1.965640,-0.978519,0.668258
0.000000,0.000000,0.000000,0.387169,2.170557,-0.396359,2.739279,0.563640,0.587114,1.970248,-0.980279,0.668258
0.000000,0.000000,0.000000,0.389843,2.166820,-0.393392,2.736176,0.562267,0.592660,1.974910,-0.982076,0.665871
0.000000,0.000000,0.000000,0.392537,2.163059,-0.390411,2.732996,0.560937,0.598292,1.979583,-0.983896,0.663484
0.000000,0.000000,0.000000,0.395264,2.159258,-0.387402,2.729723,0.559645,0.604035,1.984288,-0.985746,0.663484
0.000000,0.000000,0.000000,0.400809,2.151522,-0.381329,2.722934,0.557156,0.615839,1.993784,-0.989526,0.661098
0.000000,0.000000,0.000000,0.403646,2.147593,-0.378218,2.719349,0.555995,0.621946,1.998602,-0.991482,0.658711
0.000000,0.000000,0.000000,0.406485,2.143674,-0.375110,2.715698,0.554897,0.628101,2.003397,-0.993451,0.656325
0.000000,0.000000,0.000000,0.409379,2.139692,-0.371946,2.711912,0.553846,0.634418,2.008259,-0.995469,0.653938
0.000000,0.000000,0.000000,0.406840,2.143628,-0.372390,2.716034,0.554412,0.628087,2.006086,-0.992101,0.653938
0.000000,0.000000,0.000000,0.409413,2.139614,-0.371967,2.711882,0.553794,0.634508,2.008299,-0.995501,0.653938
0.000000,0.000000,0.000000,0.417310,2.127475,-0.370623,2.699179,0.552149,0.654136,2.015028,-1.005747,0.653938
0.000000,0.000000,0.000000,0.422773,2.119327,-0.369559,2.690326,0.551388,0.667625,2.019590,-1.012733,0.651551
0.000000,0.000000,0.000000,0.428479,2.111008,-0.368362,2.681033,0.550872,0.681645,2.024293,-1.019942,0.651551
0.000000,0.000000,0.000000,0.431347,2.106919,-0.367713,2.676325,0.550746,0.688660,2.026628,-1.023543,0.649165
0.000000,0.000000,0.000000,0.434242,2.102841,-0.367036,2.671556,0.550690,0.695724,2.028971,-1.027159,0.649165
0.000000,0.000000,0.000000,0.437175,2.098763,-0.366331,2.666708,0.550704,0.702862,2.031332,-1.030804,0.649165
0.000000,0.000000,0.000000,0.440347,2.094677,-0.362893,2.662095,0.550427,0.709910,2.036296,-1.033133,0.646778
0.000000,0.000000,0.000000,0.443557,2.090576,-0.359415,2.657338,0.550232,0.717080,2.041299,-1.035509,0.646778
0.000000,0.000000,0.000000,0.446772,2.086508,-0.355930,2.652483,0.550125,0.724295,2.046289,-1.037910,0.644391
0.000000,0.000000,0.000000,0.450058,2.082393,-0.352368,2.647428,0.550105,0.731702,2.051368,-1.040384,0.642005
0.000000,0.000000,0.000000,0.453333,2.078335,-0.348816,2.642291,0.550178,0.739117,2.056410,-1.042872,0.642005
0.000000,0.000000,0.000000,0.460053,2.070097,-0.341570,2.631531,0.550551,0.754412,2.066696,-1.048024,0.639618
0.000000,0.000000,0.000000,0.463464,2.066028,-0.337861,2.625864,0.550923,0.762224,2.071893,-1.050689,0.637232
0.000000,0.000000,0.000000,0.466883,2.062011,-0.334142,2.620076,0.551398,0.770075,2.077084,-1.053386,0.634845
0.000000,0.000000,0.000000,0.467083,2.061780,-0.333922,2.619731,0.551430,0.770535,2.077387,-1.053545,0.632458
0.000000,0.000000,0.000000,0.474081,2.053685,-0.326352,2.607618,0.552656,0.786670,2.087961,-1.059124,0.632458
0.000000,0.000000,0.000000,0.477628,2.049729,-0.322480,2.601246,0.553476,0.794879,2.093302,-1.062009,0.630072
0.000000,0.000000,0.000000,0.481195,2.045829,-0.318582,2.594711,0.554410,0.803150,2.098662,-1.064940,0.627685
0.000000,0.000000,0.000000,0.484795,2.041974,-0.314643,2.587984,0.555463,0.811512,2.104063,-1.067930,0.627685
0.000000,0.000000,0.000000,0.488426,2.038174,-0.310666,2.581066,0.556637,0.819954,2.109502,-1.070977,0.625298
0.000000,0.000000,0.000000,0.492102,2.034418,-0.306634,2.573922,0.557938,0.828510,2.115002,-1.074095,0.622912
0.000000,0.000000,0.000000,0.495797,2.030742,-0.302579,2.566601,0.559360,0.837111,2.120526,-1.077262,0.622912
0.000000,0.000000,0.000000,0.499520,2.027138,-0.298488,2.559075,0.560907,0.845781,2.126090,-1.080489,0.620525
0.000000,0.000000,0.000000,0.502802,2.024040,-0.297319,2.551861,0.562685,0.853798,2.128775,-1.084756,0.620525
0.000000,0.000000,0.000000,0.509495,2.017930,-0.294940,2.537096,0.566479,0.870013,2.134255,-1.093412,0.618138
0.000000,0.000000,0.000000,0.512879,2.015021,-0.293706,2.529510,0.568545,0.878141,2.137028,-1.097799,0.618138
0.000000,0.000000,0.000000,0.527016,2.003433,-0.288716,2.497849,0.577559,0.911608,2.148674,-1.115891,0.615752
0.000000,0.000000,0.000000,0.530907,2.000558,-0.284502,2.489064,0.580023,0.920417,2.154455,-1.119512,0.613365
0.000000,0.000000,0.000000,0.538699,1.995069,-0.276124,2.471075,0.585174,0.938053,2.166042,-1.126887,0.610979
0.000000,0.000000,0.000000,0.542908,1.992470,-0.271695,2.461131,0.588189,0.947314,2.172399,-1.130768,0.608592
0.000000,0.000000,0.000000,0.546873,1.990143,-0.267432,2.451413,0.591114,0.956211,2.178385,-1.134605,0.606205
0.000000,0.000000,0.000000,0.550871,1.987962,-0.263145,2.441413,0.594164,0.965154,2.184449,-1.138511,0.606205
0.000000,0.000000,0.000000,0.554873,1.985948,-0.258863,2.431195,0.597314,0.974078,2.190552,-1.142457,0.603819
0.000000,0.000000,0.000000,0.558880,1.984108,-0.254590,2.420752,0.600565,0.982980,2.196698,-1.146445,0.603819
0.000000,0.000000,0.000000,0.563198,1.982353,-0.250110,2.409431,0.604156,0.992310,2.203402,-1.150648,0.601432
0.000000,0.000000,0.000000,0.563435,1.982266,-0.249858,2.408788,0.604359,0.992832,2.203772,-1.150886,0.599045
0.000000,0.000000,0.000000,0.567488,1.980799,-0.245567,2.397753,0.607841,1.001758,2.210074,-1.154998,0.599045
0.000000,0.000000,0.000000,0.571541,1.979530,-0.241291,2.386484,0.611415,1.010644,2.216422,-1.159146,0.599045
0.000000,0.000000,0.000000,0.575620,1.978457,-0.237006,2.374902,0.615100,1.019544,2.222859,-1.163357,0.596659
0.000000,0.000000,0.000000,0.579725,1.977592,-0.232712,2.362996,0.618895,1.028454,2.229388,-1.167632,0.594272
0.000000,0.000000,0.000000,0.583238,1.977204,-0.231491,2.352538,0.622491,1.036214,2.232776,-1.172497,0.594272
0.000000,0.000000,0.000000,0.590360,1.976725,-0.229094,2.331156,0.629880,1.051789,2.239732,-1.182330,0.594272
0.000000,0.000000,0.000000,0.593927,1.976787,-0.227905,2.320148,0.633688,1.059537,2.243286,-1.187279,0.591885
0.000000,0.000000,0.000000,0.601170,1.977250,-0.225576,2.297573,0.641519,1.075118,2.250604,-1.197301,0.589499
0.000000,0.000000,0.000000,0.605011,1.977856,-0.224359,2.285223,0.645790,1.083336,2.254576,-1.202648,0.589499
0.000000,0.000000,0.000000,0.608634,1.978620,-0.223231,2.273383,0.649877,1.091054,2.258377,-1.207701,0.587112
0.000000,0.000000,0.000000,0.619735,1.981573,-0.220001,2.236721,0.662543,1.114389,2.270255,-1.223106,0.587112
0.000000,0.000000,0.000000,0.623396,1.983168,-0.218954,2.223895,0.666906,1.122078,2.274339,-1.228262,0.584726
0.000000,0.000000,0.000000,0.627044,1.984987,-0.217935,2.210863,0.671318,1.129719,2.278477,-1.233419,0.582339
0.000000,0.000000,0.000000,0.631167,1.987095,-0.214017,2.195572,0.675989,1.138065,2.285969,-1.238040,0.582339
0.000000,0.000000,0.000000,0.639457,1.992099,-0.206292,2.163921,0.685531,1.154663,2.301278,-1.247439,0.579952
0.000000,0.000000,0.000000,0.643501,1.995378,-0.202457,2.147364,0.690383,1.162746,2.309057,-1.252145,0.577566
0.000000,0.000000,0.000000,0.647489,1.999069,-0.198667,2.130449,0.695262,1.170676,2.316890,-1.256851,0.575179
0.000000,0.000000,0.000000,0.655459,2.007430,-0.191207,2.095430,0.705179,1.186339,2.332884,-1.266407,0.575179
0.000000,0.000000,0.000000,0.659286,2.012545,-0.187502,2.077138,0.710173,1.193843,2.340979,-1.271160,0.572792
0.000000,0.000000,0.000000,0.663024,2.018152,-0.183839,2.058467,0.715168,1.201133,2.349112,-1.275900,0.570406
0.000000,0.000000,0.000000,0.663237,2.018511,-0.183623,2.057351,0.715461,1.201548,2.349590,-1.276176,0.568019
0.000000,0.000000,0.000000,0.666887,2.024682,-0.179989,2.038204,0.720468,1.208620,2.357789,-1.280917,0.568019
0.000000,0.000000,0.000000,0.670443,2.031412,-0.176379,2.018596,0.725478,1.215465,2.366045,-1.285657,0.568019
0.000000,0.000000,0.000000,0.677444,2.046225,-0.169247,1.977980,0.735568,1.228724,2.382865,-1.295269,0.565632
0.000000,0.000000,0.000000,0.680645,2.054797,-0.165694,1.956979,0.740524,1.234741,2.391240,-1.299973,0.563246
0.000000,0.000000,0.000000,0.683708,2.064023,-0.162147,1.935523,0.745443,1.240429,2.399635,-1.304663,0.563246
0.000000,0.000000,0.000000,0.686633,2.073967,-0.158587,1.913518,0.750334,1.245783,2.408075,-1.309357,0.560859
0.000000,0.000000,0.000000,0.689384,2.084576,-0.155034,1.891148,0.755147,1.250727,2.416480,-1.314017,0.558473
0.000000,0.000000,0.000000,0.691952,2.095862,-0.151481,1.868426,0.759868,1.255234,2.424837,-1.318641,0.558473
0.000000,0.000000,0.000000,0.694355,2.107973,-0.147878,1.845104,0.764539,1.259323,2.433227,-1.323284,0.556086
0.000000,0.000000,0.000000,0.696553,2.120796,-0.144257,1.821455,0.769092,1.262907,2.441541,-1.327893,0.556086
0.000000,0.000000,0.000000,0.698554,2.134446,-0.140578,1.797310,0.773549,1.265983,2.449828,-1.332507,0.553699
0.000000,0.000000,0.000000,0.699954,2.146790,-0.139941,1.776964,0.778009,1.268580,2.454368,-1.337478,0.553699
0.000000,0.000000,0.000000,0.703644,2.186224,-0.138092,1.713916,0.791387,1.275242,2.468223,-1.352674,0.551313
0.000000,0.000000,0.000000,0.704301,2.201008,-0.137356,1.692284,0.795664,1.276299,2.472555,-1.357637,0.548926
0.000000,0.000000,0.000000,0.704765,2.216361,-0.136581,1.670415,0.799881,1.276917,2.476805,-1.362610,0.548926
0.000000,0.000000,0.000000,0.705265,2.234507,-0.132662,1.644548,0.803463,1.276475,2.484367,-1.367110,0.546539
0.000000,0.000000,0.000000,0.706091,2.292622,-0.120483,1.564481,0.813399,1.272436,2.506977,-1.381324,0.546539
0.000000,0.000000,0.000000,0.705574,2.314162,-0.115907,1.537734,0.816129,1.268653,2.513722,-1.386052,0.541766
0.000000,0.000000,0.000000,0.704858,2.336447,-0.111126,1.510858,0.818635,1.264013,2.520250,-1.390896,0.539379
0.000000,0.000000,0.000000,0.703955,2.359573,-0.106094,1.483746,0.820912,1.258474,2.526579,-1.395896,0.539379
0.000000,0.000000,0.000000,0.701850,2.407550,-0.095486,1.429003,0.824744,1.245434,2.538812,-1.406366,0.536993
0.000000,0.000000,0.000000,0.700385,2.434368,-0.089264,1.400079,0.826282,1.236610,2.544701,-1.412156,0.534606
0.000000,0.000000,0.000000,0.698895,2.460333,-0.083053,1.372813,0.827424,1.227331,2.549974,-1.417800,0.534606
0.000000,0.000000,0.000000,0.697330,2.486956,-0.076477,1.345528,0.828250,1.217132,2.554986,-1.423637,0.532220
0.000000,0.000000,0.000000,0.695412,2.510751,-0.073405,1.322215,0.830570,1.207997,2.556590,-1.430099,0.532220
0.000000,0.000000,0.000000,0.693406,2.535396,-0.070042,1.298456,0.832826,1.198068,2.558036,-1.436854,0.532220
0.000000,0.000000,0.000000,0.691349,2.560668,-0.066379,1.274485,0.834989,1.187400,2.559295,-1.443855,0.529833
0.000000,0.000000,0.000000,0.689258,2.586680,-0.062358,1.250210,0.837063,1.175916,2.560358,-1.451149,0.529833
0.000000,0.000000,0.000000,0.687157,2.613462,-0.057921,1.225623,0.839036,1.163565,2.561210,-1.458758,0.527446
0.000000,0.000000,0.000000,0.685012,2.641973,-0.052831,1.199881,0.840951,1.149850,2.561852,-1.466970,0.527446
0.000000,0.000000,0.000000,0.683001,2.670405,-0.047322,1.174660,0.842664,1.135576,2.562215,-1.475277,0.525060
0.000000,0.000000,0.000000,0.681104,2.699681,-0.041146,1.149145,0.844203,1.120280,2.562302,-1.483946,0.525060
0.000000,0.000000,0.000000,0.679370,2.729910,-0.034164,1.123279,0.845525,1.103858,2.562087,-1.493008,0.522673
0.000000,0.000000,0.000000,0.677882,2.760868,-0.026293,1.097298,0.846554,1.086397,2.561543,-1.502379,0.520286
0.000000,0.000000,0.000000,0.680866,2.713876,-0.039077,1.132789,0.845335,1.114824,2.555567,-1.489520,0.520286
0.000000,0.000000,0.000000,0.685039,2.665306,-0.050659,1.169350,0.843425,1.142787,2.549156,-1.477731,0.517900
0.000000,0.000000,0.000000,0.690229,2.617493,-0.060641,1.205066,0.841526,1.168958,2.542700,-1.467529,0.515513
0.000000,0.000000,0.000000,0.696338,2.570696,-0.069254,1.239450,0.839766,1.193210,2.536379,-1.459299,0.515513
0.000000,0.000000,0.000000,0.703188,2.525771,-0.076580,1.271906,0.838951,1.215438,2.530399,-1.452822,0.513126
0.000000,0.000000,0.000000,0.710903,2.481639,-0.082988,1.303031,0.839216,1.236268,2.524748,-1.448170,0.510740
0.000000,0.000000,0.000000,0.719479,2.438413,-0.088584,1.332418,0.840438,1.255576,2.519591,-1.445736,0.508353
0.000000,0.000000,0.000000,0.713781,2.467065,-0.082653,1.311123,0.836608,1.243113,2.520475,-1.445950,0.505967
0.000000,0.000000,0.000000,0.703569,2.525396,-0.069612,1.266930,0.829805,1.216485,2.522772,-1.448652,0.505967
0.000000,0.000000,0.000000,0.699615,2.554705,-0.061986,1.244064,0.827341,1.201879,2.524330,-1.451889,0.503580
0.000000,0.000000,0.000000,0.699170,2.558382,-0.060973,1.241180,0.827068,1.199981,2.524535,-1.452374,0.503580
0.000000,0.000000,0.000000,0.695749,2.587907,-0.052704,1.217997,0.824719,1.184696,2.526180,-1.456371,0.501193
0.000000,0.000000,0.000000,0.692761,2.617774,-0.043790,1.194495,0.822334,1.168759,2.527864,-1.460951,0.501193
0.000000,0.000000,0.000000,0.690220,2.647653,-0.034298,1.171004,0.819814,1.152381,2.529527,-1.465955,0.501193
0.000000,0.000000,0.000000,0.688081,2.677838,-0.024106,1.147361,0.817010,1.135449,2.531154,-1.471318,0.498807
0.000000,0.000000,0.000000,0.686335,2.708358,-0.013157,1.123604,0.813794,1.117987,2.532721,-1.476943,0.498807
0.000000,0.000000,0.000000,0.684989,2.739054,-0.001458,1.099914,0.810059,1.100136,2.534202,-1.482695,0.496420
0.000000,0.000000,0.000000,0.688121,2.699982,-0.012353,1.126694,0.811070,1.123469,2.529990,-1.474471,0.496420
0.000000,0.000000,0.000000,0.695872,2.623430,-0.031652,1.178287,0.811753,1.168256,2.521657,-1.460282,0.494033
0.000000,0.000000,0.000000,0.700907,2.585502,-0.039994,1.203101,0.812616,1.189744,2.517738,-1.454447,0.491647
0.000000,0.000000,0.000000,0.706598,2.547997,-0.047659,1.226936,0.813700,1.210538,2.514061,-1.449839,0.489260
0.000000,0.000000,0.000000,0.712802,2.511886,-0.054530,1.249141,0.815285,1.230165,2.510775,-1.446501,0.486874
0.000000,0.000000,0.000000,0.719825,2.475380,-0.061028,1.270706,0.817512,1.249587,2.507768,-1.444397,0.486874
0.000000,0.000000,0.000000,0.735047,2.404691,-0.072924,1.310772,0.824072,1.286642,2.502474,-1.442695,0.484487
0.000000,0.000000,0.000000,0.743473,2.372243,-0.077770,1.327105,0.828596,1.302802,2.500912,-1.444726,0.479714
0.000000,0.000000,0.000000,0.752321,2.341016,-0.082227,1.341921,0.834293,1.318118,2.499805,-1.447849,0.479714
0.000000,0.000000,0.000000,0.770986,2.280092,-0.090866,1.368936,0.847819,1.347452,2.498198,-1.456573,0.477327
0.000000,0.000000,0.000000,0.780745,2.252686,-0.094474,1.379167,0.856235,1.360125,2.498281,-1.463040,0.472554
0.000000,0.000000,0.000000,0.784970,2.225211,-0.100740,1.397048,0.855242,1.375481,2.494017,-1.459358,0.472554
0.000000,0.000000,0.000000,0.784936,2.191454,-0.110615,1.426417,0.844566,1.396572,2.484477,-1.445352,0.470167
0.000000,0.000000,0.000000,0.785000,2.162680,-0.118902,1.451355,0.834891,1.414295,2.476113,-1.433499,0.467780
0.000000,0.000000,0.000000,0.778101,2.182524,-0.113664,1.441995,0.827975,1.404156,2.474154,-1.428855,0.465394
0.000000,0.000000,0.000000,0.769761,2.208143,-0.106916,1.429376,0.819894,1.390892,2.472023,-1.423761,0.465394
0.000000,0.000000,0.000000,0.763360,2.229565,-0.101231,1.418241,0.813974,1.379599,2.470675,-1.420448,0.465394
0.000000,0.000000,0.000000,0.756618,2.253938,-0.094908,1.405037,0.807810,1.366447,2.469757,-1.417774,0.463007
0.000000,0.000000,0.000000,0.750837,2.276727,-0.088689,1.392167,0.802904,1.354089,2.469041,-1.415884,0.463007
0.000000,0.000000,0.000000,0.744070,2.305804,-0.080598,1.375176,0.797365,1.338136,2.468507,-1.414364,0.463007
0.000000,0.000000,0.000000,0.738847,2.330759,-0.073578,1.359947,0.793032,1.324134,2.468554,-1.414241,0.463007
0.000000,0.000000,0.000000,0.734262,2.355054,-0.066432,1.344721,0.789522,1.310444,2.468769,-1.414561,0.460621
0.000000,0.000000,0.000000,0.730007,2.379792,-0.059008,1.328791,0.786098,1.296319,2.469248,-1.415630,0.460621
0.000000,0.000000,0.000000,0.725257,2.410700,-0.049395,1.308522,0.782399,1.278602,2.470060,-1.417398,0.460621
0.000000,0.000000,0.000000,0.718529,2.461192,-0.033111,1.274553,0.776154,1.249308,2.471813,-1.421800,0.460621
0.000000,0.000000,0.000000,0.715814,2.486637,-0.024419,1.257004,0.773442,1.234407,2.472958,-1.424576,0.458234
0.000000,0.000000,0.000000,0.710534,2.544721,-0.003754,1.216476,0.766173,1.200260,2.475701,-1.431791,0.458234
0.000000,0.000000,0.000000,0.708712,2.571022,0.006131,1.197962,0.762836,1.184739,2.477084,-1.435254,0.458234
0.000000,0.000000,0.000000,0.707111,2.597292,0.016314,1.179374,0.758864,1.169212,2.478429,-1.438979,0.455847
0.000000,0.000000,0.000000,0.705452,2.630896,0.029797,1.155652,0.753431,1.149416,2.480199,-1.443607,0.455847
0.000000,0.000000,0.000000,0.704373,2.658299,0.041188,1.136374,0.748453,1.133332,2.481636,-1.447300,0.455847
0.000000,0.000000,0.000000,0.703526,2.685822,0.053006,1.117103,0.742899,1.117259,2.483074,-1.450885,0.455847
0.000000,0.000000,0.000000,0.702787,2.721335,0.068850,1.092396,0.734829,1.096684,2.484934,-1.455262,0.453461
0.000000,0.000000,0.000000,0.702434,2.749944,0.082099,1.072709,0.727482,1.080279,2.486419,-1.458476,0.453461
0.000000,0.000000,0.000000,0.702296,2.779596,0.096316,1.052521,0.719009,1.063477,2.487966,-1.461467,0.453461
0.000000,0.000000,0.000000,0.702367,2.809544,0.111180,1.032403,0.709485,1.046756,2.489542,-1.464058,0.453461
0.000000,0.000000,0.000000,0.702632,2.840672,0.127160,1.011827,0.698475,1.029695,2.491205,-1.466213,0.453461
0.000000,0.000000,0.000000,0.703230,2.881118,0.148734,0.985649,0.682363,1.008099,2.493442,-1.468086,0.453461
0.000000,0.000000,0.000000,0.703752,2.915342,0.167507,0.964200,0.666978,0.990442,2.495351,-1.468590,0.453461
0.000000,0.000000,0.000000,0.704221,2.951336,0.187660,0.942403,0.649018,0.972548,2.497394,-1.467956,0.453461
0.000000,0.000000,0.000000,0.704243,3.047076,0.242160,0.888597,0.592514,0.928722,2.503058,-1.459970,0.453461
0.000000,0.000000,0.000000,0.737689,2.895888,-0.207216,-0.295908,0.440059,0.324495,3.708219,-3.164641,0.453461
0.000000,0.000000,0.000000,0.738325,2.894440,-0.204869,-0.296762,0.436353,0.326395,3.710329,-3.165183,0.453461
0.000000,0.000000,0.000000,0.740920,2.888477,-0.195429,-0.300128,0.421317,0.334005,3.718974,-3.167492,0.453461
0.000000,0.000000,0.000000,0.751244,2.864336,-0.161148,-0.311536,0.365476,0.361153,3.751967,-3.178573,0.453461
0.000000,0.000000,0.000000,0.755450,2.854094,-0.148893,-0.314048,0.345481,0.370321,3.764129,-3.183290,0.453461
0.000000,0.000000,0.000000,0.760241,2.842036,-0.135620,-0.315940,0.323547,0.379960,3.777664,-3.188958,0.453461
